{"cameraMode":{"drawMode":0,"name":"Shaded","section":"Shading Mode"},"sceneLighting":false,"audioPlay":false,"sceneViewState":{"m_AlwaysRefresh":false,"showFog":true,"showSkybox":false,"showFlares":true,"showImageEffects":true,"showParticleSystems":true,"showVisualEffectGraphs":true,"m_FxEnabled":true},"in2DMode":false,"pivot":{"x":-1.9371509552001954e-7,"y":-0.00011270865797996521,"z":0.4785054922103882},"rotation":{"x":0.02424687333405018,"y":-0.9725790023803711,"z":0.1984838992357254,"w":0.11904919147491455},"size":0.613796055316925,"orthographic":false}