{"cameraMode":{"drawMode":0,"name":"Shaded","section":"Shading Mode"},"sceneLighting":false,"audioPlay":false,"sceneViewState":{"m_AlwaysRefresh":false,"showFog":false,"showSkybox":false,"showFlares":false,"showImageEffects":false,"showParticleSystems":false,"showVisualEffectGraphs":true,"m_FxEnabled":true},"in2DMode":false,"pivot":{"x":0.03081578016281128,"y":0.891014814376831,"z":0.025864005088806154},"rotation":{"x":-0.05277268588542938,"y":0.02338477596640587,"z":-0.0013434133725240827,"w":-0.9984031319618225},"size":1.955476999282837,"orthographic":false}