{"cameraMode":{"drawMode":0,"name":"Shaded","section":"Shading Mode"},"sceneLighting":true,"audioPlay":false,"sceneViewState":{"m_AlwaysRefresh":false,"showFog":true,"showSkybox":true,"showFlares":true,"showImageEffects":true,"showParticleSystems":true,"showVisualEffectGraphs":true,"m_FxEnabled":true},"in2DMode":false,"pivot":{"x":-0.30630236864089968,"y":-0.5765604972839356,"z":17.809907913208009},"rotation":{"x":-0.09169306606054306,"y":0.005401963368058205,"z":-0.0004910431453026831,"w":-0.9959061741828919},"size":11.014534950256348,"orthographic":false}