{"cameraMode":{"drawMode":0,"name":"Shaded","section":"Shading Mode"},"sceneLighting":false,"audioPlay":false,"sceneViewState":{"m_AlwaysRefresh":false,"showFog":true,"showSkybox":false,"showFlares":true,"showImageEffects":true,"showParticleSystems":true,"showVisualEffectGraphs":true,"m_FxEnabled":true},"in2DMode":false,"pivot":{"x":0.004482392221689224,"y":-0.0412614606320858,"z":0.1499963253736496},"rotation":{"x":-0.2126634418964386,"y":-0.7873906493186951,"z":0.4057171046733856,"w":-0.4126172363758087},"size":0.5140701532363892,"orthographic":false}