{"cameraMode":{"drawMode":0,"name":"Shaded","section":"Shading Mode"},"sceneLighting":false,"audioPlay":false,"sceneViewState":{"m_AlwaysRefresh":false,"showFog":true,"showSkybox":false,"showFlares":true,"showImageEffects":true,"showParticleSystems":true,"showVisualEffectGraphs":true,"m_FxEnabled":true},"in2DMode":false,"pivot":{"x":0.07657325267791748,"y":0.3514697849750519,"z":0.09007015824317932},"rotation":{"x":-0.00891925673931837,"y":0.4737051725387573,"z":0.0049304780550301079,"w":0.8807010054588318},"size":0.3974904417991638,"orthographic":false}