{"cameraMode":{"drawMode":0,"name":"Shaded","section":"Shading Mode"},"sceneLighting":false,"audioPlay":false,"sceneViewState":{"m_AlwaysRefresh":false,"showFog":true,"showSkybox":false,"showFlares":true,"showImageEffects":true,"showParticleSystems":true,"showVisualEffectGraphs":true,"m_FxEnabled":true},"in2DMode":false,"pivot":{"x":-0.0006190389394760132,"y":-0.1389712691307068,"z":0.013071894645690918},"rotation":{"x":0.02424687333405018,"y":-0.9725790023803711,"z":0.1984838992357254,"w":0.11904919147491455},"size":0.5519603490829468,"orthographic":false}